{"name":"Rohit Bakoliya","short_name":"Rohit Bakoliya","description":"Software developer and Competitive programmer","orientation":"portrait","start_url":"/","lang":"en","display":"standalone","theme_color":"#6D83F2","background_color":"#6D83F2","cacheDigest":"0897f89670518470a0af65177553a450","icons":[{"src":"icons/icon-48x48.png?v=0897f89670518470a0af65177553a450","sizes":"48x48","type":"image/png"},{"src":"icons/icon-72x72.png?v=0897f89670518470a0af65177553a450","sizes":"72x72","type":"image/png"},{"src":"icons/icon-96x96.png?v=0897f89670518470a0af65177553a450","sizes":"96x96","type":"image/png"},{"src":"icons/icon-144x144.png?v=0897f89670518470a0af65177553a450","sizes":"144x144","type":"image/png"},{"src":"icons/icon-192x192.png?v=0897f89670518470a0af65177553a450","sizes":"192x192","type":"image/png"},{"src":"icons/icon-256x256.png?v=0897f89670518470a0af65177553a450","sizes":"256x256","type":"image/png"},{"src":"icons/icon-384x384.png?v=0897f89670518470a0af65177553a450","sizes":"384x384","type":"image/png"},{"src":"icons/icon-512x512.png?v=0897f89670518470a0af65177553a450","sizes":"512x512","type":"image/png"}]}